{
    "CNNTRANSFORMER": {
        "timestamp": "2026-06-18 20:43:32",
        "Classification Report": {
            "bonafide": {
                "precision": 0.4546925566343042,
                "recall": 0.8787219578518015,
                "f1-score": 0.5992860123325142,
                "support": 7355.0
            },
            "spoof": {
                "precision": 0.9843571892043561,
                "recall": 0.8786669171284556,
                "f1-score": 0.9285141226582855,
                "support": 63882.0
            },
            "accuracy": 0.8786725999129665,
            "macro avg": {
                "precision": 0.7195248729193302,
                "recall": 0.8786944374901285,
                "f1-score": 0.7639000674953998,
                "support": 71237.0
            },
            "weighted avg": {
                "precision": 0.9296709535044708,
                "recall": 0.8786725999129665,
                "f1-score": 0.8945223381720487,
                "support": 71237.0
            }
        },
        "Confusion Matrix": [
            [
                6463,
                7751
            ],
            [
                892,
                56131
            ]
        ]
    }
}