{
    "CNNTRANSFORMER": {
        "timestamp": "2026-06-30 10:15:06",
        "Classification Report": {
            "bonafide": {
                "precision": 0.5254317482848356,
                "recall": 0.9059143439836845,
                "f1-score": 0.6651028149331204,
                "support": 7355.0
            },
            "spoof": {
                "precision": 0.9881822528861262,
                "recall": 0.9057950596412135,
                "f1-score": 0.9451967526421535,
                "support": 63882.0
            },
            "accuracy": 0.9058073753807713,
            "macro avg": {
                "precision": 0.7568070005854809,
                "recall": 0.905854701812449,
                "f1-score": 0.8051497837876369,
                "support": 71237.0
            },
            "weighted avg": {
                "precision": 0.9404046940144374,
                "recall": 0.9058073753807713,
                "f1-score": 0.916277919565944,
                "support": 71237.0
            }
        },
        "Confusion Matrix": [
            [
                6663,
                6018
            ],
            [
                692,
                57864
            ]
        ]
    }
}