{
    "CNNTrasnformer": {
        "timestamp": "2026-06-02 16:25:22",
        "Classification Report": {
            "bonafide": {
                "precision": 0.5656176765985939,
                "recall": 0.918830727396329,
                "f1-score": 0.7002020411335026,
                "support": 7355.0
            },
            "spoof": {
                "precision": 0.9899306785407074,
                "recall": 0.9187564572179957,
                "f1-score": 0.9530165379837786,
                "support": 63882.0
            },
            "accuracy": 0.9187641253842806,
            "macro avg": {
                "precision": 0.7777741775696506,
                "recall": 0.9187935923071624,
                "f1-score": 0.8266092895586405,
                "support": 71237.0
            },
            "weighted avg": {
                "precision": 0.9461216729778081,
                "recall": 0.9187641253842806,
                "f1-score": 0.9269142228338737,
                "support": 71237.0
            }
        },
        "Confusion Matrix": [
            [
                7354,
                33004
            ],
            [
                1,
                30878
            ]
        ]
    }
}