{
    "CNNTrasnformer": {
        "timestamp": "2026-06-17 20:30:32",
        "Classification Report": {
            "bonafide": {
                "precision": 0.6123615576991783,
                "recall": 0.9321549966009517,
                "f1-score": 0.739151528219503,
                "support": 7355.0
            },
            "spoof": {
                "precision": 0.9916890125081195,
                "recall": 0.9320622397545475,
                "f1-score": 0.9609515586291487,
                "support": 63882.0
            },
            "accuracy": 0.9320718166121538,
            "macro avg": {
                "precision": 0.8020252851036489,
                "recall": 0.9321086181777496,
                "f1-score": 0.8500515434243259,
                "support": 71237.0
            },
            "weighted avg": {
                "precision": 0.9525246256007573,
                "recall": 0.9320718166121538,
                "f1-score": 0.9380513912489539,
                "support": 71237.0
            }
        },
        "Confusion Matrix": [
            [
                6856,
                4340
            ],
            [
                499,
                59542
            ]
        ]
    }
}