{
    "DEIT_Soft": {
        "timestamp": "2026-06-30 11:38:17",
        "Classification Report": {
            "bonafide": {
                "precision": 0.48864905098623,
                "recall": 0.8925900747790618,
                "f1-score": 0.6315536315536315,
                "support": 7355.0
            },
            "spoof": {
                "precision": 0.9863326528493824,
                "recall": 0.8924579693810463,
                "f1-score": 0.9370500641004569,
                "support": 63882.0
            },
            "accuracy": 0.892471608854949,
            "macro avg": {
                "precision": 0.7374908519178063,
                "recall": 0.8925240220800541,
                "f1-score": 0.7843018478270443,
                "support": 71237.0
            },
            "weighted avg": {
                "precision": 0.9349483596912834,
                "recall": 0.892471608854949,
                "f1-score": 0.9055085019714804,
                "support": 71237.0
            }
        },
        "Confusion Matrix": [
            [
                6565,
                6870
            ],
            [
                790,
                57012
            ]
        ]
    }
}