{
    "DEIT_Soft": {
        "timestamp": "2026-06-18 15:39:09",
        "Classification Report": {
            "bonafide": {
                "precision": 0.4781208839455583,
                "recall": 0.88837525492862,
                "f1-score": 0.6216640502354788,
                "support": 7355.0
            },
            "spoof": {
                "precision": 0.9857393479355926,
                "recall": 0.8883566575874268,
                "f1-score": 0.9345178793442731,
                "support": 63882.0
            },
            "accuracy": 0.8883585777054059,
            "macro avg": {
                "precision": 0.7319301159405754,
                "recall": 0.8883659562580234,
                "f1-score": 0.7780909647898759,
                "support": 71237.0
            },
            "weighted avg": {
                "precision": 0.9333293109794224,
                "recall": 0.8883585777054059,
                "f1-score": 0.9022166887678145,
                "support": 71237.0
            }
        },
        "Confusion Matrix": [
            [
                6534,
                7132
            ],
            [
                821,
                56750
            ]
        ]
    }
}