{
    "Resnet18": {
        "timestamp": "2026-06-02 16:05:22",
        "Classification Report": {
            "bonafide": {
                "precision": 0.5347144456886898,
                "recall": 0.9089055064581917,
                "f1-score": 0.6733141965050108,
                "support": 7355.0
            },
            "spoof": {
                "precision": 0.9885928322124797,
                "recall": 0.9089414858645628,
                "f1-score": 0.9470954272246099,
                "support": 63882.0
            },
            "accuracy": 0.9089377711020958,
            "macro avg": {
                "precision": 0.7616536389505848,
                "recall": 0.9089234961613772,
                "f1-score": 0.8102048118648104,
                "support": 71237.0
            },
            "weighted avg": {
                "precision": 0.9417312921015476,
                "recall": 0.9089377711020958,
                "f1-score": 0.9188283616274813,
                "support": 71237.0
            }
        },
        "Confusion Matrix": [
            [
                7290,
                9940
            ],
            [
                65,
                53942
            ]
        ]
    }
}