{
    "Resnet50": {
        "timestamp": "2026-06-29 21:09:18",
        "Classification Report": {
            "bonafide": {
                "precision": 0.5091510304521686,
                "recall": 0.9002039428959892,
                "f1-score": 0.6504248735203104,
                "support": 7355.0
            },
            "spoof": {
                "precision": 0.987395463053595,
                "recall": 0.9000814000814,
                "f1-score": 0.9417188715555009,
                "support": 63882.0
            },
            "accuracy": 0.9000940522481294,
            "macro avg": {
                "precision": 0.7482732467528819,
                "recall": 0.9001426714886946,
                "f1-score": 0.7960718725379057,
                "support": 71237.0
            },
            "weighted avg": {
                "precision": 0.9380182040198978,
                "recall": 0.9000940522481294,
                "f1-score": 0.9116436668788747,
                "support": 71237.0
            }
        },
        "Confusion Matrix": [
            [
                6621,
                6383
            ],
            [
                734,
                57499
            ]
        ]
    }
}