{
    "Resnet50": {
        "timestamp": "2026-06-02 16:14:27",
        "Classification Report": {
            "bonafide": {
                "precision": 0.529351102649532,
                "recall": 0.9072739632902788,
                "f1-score": 0.6686037773658634,
                "support": 7355.0
            },
            "spoof": {
                "precision": 0.9883679282290938,
                "recall": 0.9071256378948687,
                "f1-score": 0.9460057300041628,
                "support": 63882.0
            },
            "accuracy": 0.9071409520333534,
            "macro avg": {
                "precision": 0.758859515439313,
                "recall": 0.9071998005925737,
                "f1-score": 0.8073047536850131,
                "support": 71237.0
            },
            "weighted avg": {
                "precision": 0.9409758601726389,
                "recall": 0.9071409520333534,
                "f1-score": 0.9173648360634481,
                "support": 71237.0
            }
        },
        "Confusion Matrix": [
            [
                7294,
                12094
            ],
            [
                61,
                51788
            ]
        ]
    }
}