{
    "Resnet18": {
        "timestamp": "2026-06-18 18:58:58",
        "Classification Report": {
            "bonafide": {
                "precision": 0.5605217246822298,
                "recall": 0.9173351461590754,
                "f1-score": 0.6958539603960396,
                "support": 7355.0
            },
            "spoof": {
                "precision": 0.9897297297297297,
                "recall": 0.9171910710372249,
                "f1-score": 0.9520807266700249,
                "support": 63882.0
            },
            "accuracy": 0.9172059463481056,
            "macro avg": {
                "precision": 0.7751257272059797,
                "recall": 0.9172631085981502,
                "f1-score": 0.8239673435330322,
                "support": 71237.0
            },
            "weighted avg": {
                "precision": 0.9454153302305317,
                "recall": 0.9172059463481056,
                "f1-score": 0.9256261052521498,
                "support": 71237.0
            }
        },
        "Confusion Matrix": [
            [
                6747,
                5290
            ],
            [
                608,
                58592
            ]
        ]
    }
}