{
    "Resnet50": {
        "timestamp": "2026-07-15 15:54:57",
        "Classification Report": {
            "bonafide": {
                "precision": 0.4946260804208944,
                "recall": 0.8947654656696125,
                "f1-score": 0.6370764762826718,
                "support": 7355.0
            },
            "spoof": {
                "precision": 0.9866395083891459,
                "recall": 0.8947434332049716,
                "f1-score": 0.9384471407227413,
                "support": 63882.0
            },
            "accuracy": 0.894745707988826,
            "macro avg": {
                "precision": 0.7406327944050202,
                "recall": 0.8947544494372921,
                "f1-score": 0.7877618085027065,
                "support": 71237.0
            },
            "weighted avg": {
                "precision": 0.9358406431546963,
                "recall": 0.894745707988826,
                "f1-score": 0.9073315513947696,
                "support": 71237.0
            }
        },
        "Confusion Matrix": [
            [
                6581,
                6724
            ],
            [
                774,
                57158
            ]
        ]
    }
}