{
    "Resnet50": {
        "timestamp": "2026-06-18 15:30:46",
        "Classification Report": {
            "bonafide": {
                "precision": 0.539943571140669,
                "recall": 0.9106730115567641,
                "f1-score": 0.6779352226720647,
                "support": 7355.0
            },
            "spoof": {
                "precision": 0.988832608104433,
                "recall": 0.9106634106634106,
                "f1-score": 0.9481395765764298,
                "support": 63882.0
            },
            "accuracy": 0.9106644019259654,
            "macro avg": {
                "precision": 0.764388089622551,
                "recall": 0.9106682111100873,
                "f1-score": 0.8130373996242473,
                "support": 71237.0
            },
            "weighted avg": {
                "precision": 0.9424862029095415,
                "recall": 0.9106644019259654,
                "f1-score": 0.9202418124515144,
                "support": 71237.0
            }
        },
        "Confusion Matrix": [
            [
                6698,
                5707
            ],
            [
                657,
                58175
            ]
        ]
    }
}