{
    "Resnet18": {
        "timestamp": "2026-06-29 19:39:26",
        "Classification Report": {
            "bonafide": {
                "precision": 0.5811585522375289,
                "recall": 0.9234534330387492,
                "f1-score": 0.7133704442810629,
                "support": 7355.0
            },
            "spoof": {
                "precision": 0.9905457598656591,
                "recall": 0.9233743464512695,
                "f1-score": 0.9557813208892345,
                "support": 63882.0
            },
            "accuracy": 0.9233825118969075,
            "macro avg": {
                "precision": 0.785852156051594,
                "recall": 0.9234138897450093,
                "f1-score": 0.8345758825851487,
                "support": 71237.0
            },
            "weighted avg": {
                "precision": 0.9482777964182245,
                "recall": 0.9233825118969075,
                "f1-score": 0.930753147363495,
                "support": 71237.0
            }
        },
        "Confusion Matrix": [
            [
                6792,
                4895
            ],
            [
                563,
                58987
            ]
        ]
    }
}