{
    "SwinTransformer": {
        "timestamp": "2026-07-02 17:28:29",
        "Classification Report": {
            "bonafide": {
                "precision": 0.4689053830078547,
                "recall": 0.8847042828008158,
                "f1-score": 0.6129427279577996,
                "support": 7355.0
            },
            "spoof": {
                "precision": 0.9852161785216178,
                "recall": 0.8846310384771924,
                "f1-score": 0.9322182082116758,
                "support": 63882.0
            },
            "accuracy": 0.8846386007271502,
            "macro avg": {
                "precision": 0.7270607807647362,
                "recall": 0.884667660639004,
                "f1-score": 0.7725804680847377,
                "support": 71237.0
            },
            "weighted avg": {
                "precision": 0.9319086852105053,
                "recall": 0.8846386007271502,
                "f1-score": 0.8992540020088983,
                "support": 71237.0
            }
        },
        "Confusion Matrix": [
            [
                6507,
                7370
            ],
            [
                848,
                56512
            ]
        ]
    }
}