{
    "SwinTransformer": {
        "timestamp": "2026-06-18 15:09:53",
        "Classification Report": {
            "bonafide": {
                "precision": 0.5311058074781225,
                "recall": 0.907681849082257,
                "f1-score": 0.6701129234629862,
                "support": 7355.0
            },
            "spoof": {
                "precision": 0.9884262021238516,
                "recall": 0.9077361385053693,
                "f1-score": 0.9463643114182898,
                "support": 63882.0
            },
            "accuracy": 0.9077305332902845,
            "macro avg": {
                "precision": 0.7597660048009871,
                "recall": 0.9077089937938132,
                "f1-score": 0.808238617440638,
                "support": 71237.0
            },
            "weighted avg": {
                "precision": 0.941209285316303,
                "recall": 0.9077305332902845,
                "f1-score": 0.9178422097237875,
                "support": 71237.0
            }
        },
        "Confusion Matrix": [
            [
                6676,
                5894
            ],
            [
                679,
                57988
            ]
        ]
    }
}