{
    "SwinTransformer": {
        "timestamp": "2026-07-15 14:47:28",
        "Classification Report": {
            "bonafide": {
                "precision": 0.10535064339552346,
                "recall": 0.9995921142080217,
                "f1-score": 0.1906119962147237,
                "support": 7355.0
            },
            "spoof": {
                "precision": 0.9979324603721571,
                "recall": 0.022666791897561128,
                "f1-score": 0.04432675676916719,
                "support": 63882.0
            },
            "accuracy": 0.12353131097603773,
            "macro avg": {
                "precision": 0.5516415518838402,
                "recall": 0.5111294530527914,
                "f1-score": 0.11746937649194544,
                "support": 71237.0
            },
            "weighted avg": {
                "precision": 0.9057761474468075,
                "recall": 0.12353131097603773,
                "f1-score": 0.059430255458360566,
                "support": 71237.0
            }
        },
        "Confusion Matrix": [
            [
                7352,
                62434
            ],
            [
                3,
                1448
            ]
        ]
    }
}