{
    "VIT": {
        "timestamp": "2026-06-29 21:48:04",
        "Classification Report": {
            "bonafide": {
                "precision": 0.4904801015455835,
                "recall": 0.8931339225016995,
                "f1-score": 0.633217659533449,
                "support": 7355.0
            },
            "spoof": {
                "precision": 0.9864117280962589,
                "recall": 0.8931780470242009,
                "f1-score": 0.9374825427599691,
                "support": 63882.0
            },
            "accuracy": 0.8931734913036765,
            "macro avg": {
                "precision": 0.7384459148209213,
                "recall": 0.8931559847629502,
                "f1-score": 0.785350101146709,
                "support": 71237.0
            },
            "weighted avg": {
                "precision": 0.9352083209724298,
                "recall": 0.8931734913036765,
                "f1-score": 0.9060681342906196,
                "support": 71237.0
            }
        },
        "Confusion Matrix": [
            [
                6569,
                6824
            ],
            [
                786,
                57058
            ]
        ]
    }
}