{
    "VIT": {
        "timestamp": "2026-06-02 16:18:06",
        "Classification Report": {
            "bonafide": {
                "precision": 0.49195539923669834,
                "recall": 0.8938137321549966,
                "f1-score": 0.634617241046433,
                "support": 7355.0
            },
            "spoof": {
                "precision": 0.9865051663959636,
                "recall": 0.8937259321874707,
                "f1-score": 0.9378264726173658,
                "support": 63882.0
            },
            "accuracy": 0.8937349972626585,
            "macro avg": {
                "precision": 0.739230282816331,
                "recall": 0.8937698321712336,
                "f1-score": 0.7862218568318995,
                "support": 71237.0
            },
            "weighted avg": {
                "precision": 0.9354444319818755,
                "recall": 0.8937349972626585,
                "f1-score": 0.9065210569176001,
                "support": 71237.0
            }
        },
        "Confusion Matrix": [
            [
                6934,
                9374
            ],
            [
                421,
                54508
            ]
        ]
    }
}