{
    "VIT": {
        "timestamp": "2026-06-18 19:02:59",
        "Classification Report": {
            "bonafide": {
                "precision": 0.5079060485108996,
                "recall": 0.8996600951733514,
                "f1-score": 0.6492665456507875,
                "support": 7355.0
            },
            "spoof": {
                "precision": 0.9873215482141937,
                "recall": 0.8996430919507843,
                "f1-score": 0.941445315379512,
                "support": 63882.0
            },
            "accuracy": 0.8996448474809439,
            "macro avg": {
                "precision": 0.7476137983625466,
                "recall": 0.8996515935620679,
                "f1-score": 0.7953559305151497,
                "support": 71237.0
            },
            "weighted avg": {
                "precision": 0.9378233801229248,
                "recall": 0.8996448474809439,
                "f1-score": 0.9112787607610585,
                "support": 71237.0
            }
        },
        "Confusion Matrix": [
            [
                6617,
                6411
            ],
            [
                738,
                57471
            ]
        ]
    }
}